"The only way out, is through.",~ unknown,0,https://firebasestorage.googleapis.com/v0/b/neep-new.appspot.com/o/quotes_images%2Funknown1.png?alt=media&token=26364f71-d524-4140-8509-3b358e44481a,1
Risking your life and doing something that could easily rob you of your life are exact opposites.,L (Death Note),0,https://firebasestorage.googleapis.com/v0/b/neep-new.appspot.com/o/quotes_images%2Fl1.png?alt=media&token=8f888337-cb98-4bed-83cf-31ab905f1824,2
"To see things in the seed, that is genius.
",Lao Tzu,0,https://res.cloudinary.com/dhupov40f/image/upload/v1675714990/image_1_lifok1.png,3
"Somebody told me I’m a failure, I’ll prove them wrong.",Naruto Uzumaki,0,https://res.cloudinary.com/dhupov40f/image/upload/v1675539343/image_3_1.01.24_AM_mq8zof.png,4
An addict who overcomes addiction is capable of accomplishing anything.,~ unknown,0,https://firebasestorage.googleapis.com/v0/b/neep-new.appspot.com/o/quotes_images%2Funknown3.png?alt=media&token=26429d0e-a64c-4128-9f9b-0d794ca724bf,5
"Excessive attachment to sense pleasures leads to bondage, and detachment from sense pleasures leads to liberation. Therefore it is the mind alone that is responsible for bondage or liberation.",Chanakya,0,https://res.cloudinary.com/dhupov40f/image/upload/v1675530318/image_2_v6d3pm.png,6
"The things you own, end up owning you.",Tyler Durden,0,https://res.cloudinary.com/dhupov40f/image/upload/v1675532564/image_4_d0ioic.png,7
You need to accept the fact that you’re not the best and have all the will to strive to be better than anyone you face.,Roronoa Zoro (One Piece),0,https://firebasestorage.googleapis.com/v0/b/neep-new.appspot.com/o/quotes_images%2Fquotes_aot_levi.png?alt=media&token=e767cec6-90f3-404e-8d7f-c7ce579224a5,8
"The foundation of every state is the education of its youth.
",Diogenes,0,https://res.cloudinary.com/dhupov40f/image/upload/v1675714337/image_1_t9eobo.png,9
"If you don’t like your destiny, don’t accept it.",Naruto Uzumaki,1,https://res.cloudinary.com/dhupov40f/image/upload/v1675539343/image_2_1.01.24_AM_aqamp2.png,1
"If I quit now, I will soon be back to where I started. And when I started, I was desperately wishing to be where I am now.",~ unknown,1,https://firebasestorage.googleapis.com/v0/b/neep-new.appspot.com/o/quotes_images%2Funknown4.png?alt=media&token=d8f176bb-fc77-4064-80ff-bf4df98657c4,2
"You can’t ever win if you’re always on the defensive. To win, you have to attack!",Light Yagami,1,https://res.cloudinary.com/dhupov40f/image/upload/v1675533175/light3_1_bm2k7t.jpg,3
"The more we value things outside our control, the less control we have.
",Marcus Aurelius ,1,https://res.cloudinary.com/dhupov40f/image/upload/v1675613789/image_2_doybbv.png,4
Use your head instead of what you have between your legs. Self-control is what separates a man from a boy.,~ unknown,1,https://firebasestorage.googleapis.com/v0/b/neep-new.appspot.com/o/quotes_images%2Funknown3.png?alt=media&token=26429d0e-a64c-4128-9f9b-0d794ca724bf,5
"As soon as the fear approaches near, attack and destroy it.",Chanakya,1,https://res.cloudinary.com/dhupov40f/image/upload/v1675530319/image_es9sjn.png,6
If you really want to be strong… Stop caring about what your surrounding thinks of you!,Saitama (One Punch Man),1,https://firebasestorage.googleapis.com/v0/b/neep-new.appspot.com/o/quotes_images%2Fimage%20(1).png?alt=media&token=9baf5209-6b95-4dfd-8124-2676632a8bcc,7
"You only live once, but if you do it right, once is enough",Mae West,1,https://firebasestorage.googleapis.com/v0/b/neep-new.appspot.com/o/quotes_images%2Fquotes_aot_levi.png?alt=media&token=e767cec6-90f3-404e-8d7f-c7ce579224a5,8
"Have I been made for this, to lie under the blankets and keep myself warm?
",Marcus Aurelius ,1,https://res.cloudinary.com/dhupov40f/image/upload/v1675613789/image_2_doybbv.png,9
"If you ever find yourself in a hole, the first thing you do is stop digging.",~ unknown,2,https://firebasestorage.googleapis.com/v0/b/neep-new.appspot.com/o/quotes_images%2Funknown2.jpeg?alt=media&token=ca04e73a-b532-4f11-b71c-11ad34761f4c,1
The bad news is time flies. The good news is you’re the pilot.,Michael Altshuler,2,https://firebasestorage.googleapis.com/v0/b/neep-new.appspot.com/o/quotes_images%2Funknown4.png?alt=media&token=d8f176bb-fc77-4064-80ff-bf4df98657c4,2
"If you begin to regret, you’ll dull your future decisions and let others make your choices for you. All that’s left for you then is to die. Nobody can foretell the outcome. Each decision you make holds meaning only by affecting your next decision.",Erwin Smith (Attack on Titan),2,https://firebasestorage.googleapis.com/v0/b/neep-new.appspot.com/o/quotes_images%2Faoterwin.png?alt=media&token=00b28b61-d572-4f44-8cbd-e332c307c5aa,3
"Learn to treasure your life because unfortunately, it can be taken away from you anytime.",L (Death Note),2,https://firebasestorage.googleapis.com/v0/b/neep-new.appspot.com/o/quotes_images%2Fl.png?alt=media&token=d8d391e4-5592-4712-bee1-ea00df751769,4
"In the end, it's not the years in your life that count. It's the life in your years",Abraham Lincoln,2,https://firebasestorage.googleapis.com/v0/b/neep-new.appspot.com/o/quotes_images%2Flincoln.png?alt=media&token=fa13dfcc-1c15-44f8-95d9-88ac697808aa,5
"There is no austerity equal to a balanced mind, and there is no happiness equal to contentment; there is no disease like covetousness, and no virtue like mercy.",Chanakya,2,https://res.cloudinary.com/dhupov40f/image/upload/v1675530319/image_3_sg5xie.png,6
"Believe in yourself. Stay in your own lane. There’s only one you.
",Queen Latifah,2,https://firebasestorage.googleapis.com/v0/b/neep-new.appspot.com/o/quotes_images%2Funknown1.png?alt=media&token=26364f71-d524-4140-8509-3b358e44481a,7
"If you set your goals ridiculously high and it's a failure, you will fail above everyone else's success.",James Cameron,2,https://firebasestorage.googleapis.com/v0/b/neep-new.appspot.com/o/quotes_images%2Fquotes_aot_levi.png?alt=media&token=e767cec6-90f3-404e-8d7f-c7ce579224a5,8
"It’s not the face that makes someone a monster, it’s the choices they make with their lives.",Naruto Uzumaki,2,https://res.cloudinary.com/dhupov40f/image/upload/v1675539343/image_1.01.24_AM_c7aprq.png,9
"We buy things we don’t need, to impress people we don’t like.",Tyler Durden,3,https://res.cloudinary.com/dhupov40f/image/upload/v1675532564/image_4_d0ioic.png,1
"There is a superhero in all of us, we just need the courage to put on the cape.",D.C - Superman,3,https://firebasestorage.googleapis.com/v0/b/neep-new.appspot.com/o/quotes_images%2Fsuperman2.png?alt=media&token=0af1ff83-c634-407c-b967-5ab091633c15,2
It does not matter how slowly you go as long as you do not stop.,Confucius,3,https://firebasestorage.googleapis.com/v0/b/neep-new.appspot.com/o/quotes_images%2Funknown1.png?alt=media&token=26364f71-d524-4140-8509-3b358e44481a,3
Not every genius is understood.,L (Death Note),3,https://firebasestorage.googleapis.com/v0/b/neep-new.appspot.com/o/quotes_images%2Fl.png?alt=media&token=d8d391e4-5592-4712-bee1-ea00df751769,4
"Hang on to your youthful enthusiasms, you will be able to use them better when you are older.
",Seneca,3,https://firebasestorage.googleapis.com/v0/b/neep-new.appspot.com/o/quotes_images%2Fseneca(2).png?alt=media&token=1197b0a8-56de-4041-95b0-85dbe59999a6,5
We begin to lose our hesitation to do immoral things when we lose our hesitation to speak of them.,Musonius Rufus,3,https://res.cloudinary.com/dhupov40f/image/upload/v1675797371/ryan_nzwkin.png,6
The way to get started is to quit talking and begin doing.,Walt Disney,3,https://res.cloudinary.com/dhupov40f/image/upload/v1675797370/guts_qdtkjm.png,7
The road to success is always under construction.,Lily Tomlin,3,https://firebasestorage.googleapis.com/v0/b/neep-new.appspot.com/o/quotes_images%2Funknown4.png?alt=media&token=d8f176bb-fc77-4064-80ff-bf4df98657c4,8
How wonderful it is that nobody need wait a single moment before starting to improve the world.,Anne Frank,3,https://firebasestorage.googleapis.com/v0/b/neep-new.appspot.com/o/quotes_images%2Fquotes_aot_levi.png?alt=media&token=e767cec6-90f3-404e-8d7f-c7ce579224a5,9
It's when you start to get tired that the battle really begins.,~ unknown,4,https://firebasestorage.googleapis.com/v0/b/neep-new.appspot.com/o/quotes_images%2Funknown2.png?alt=media&token=7aba18b0-36e0-4871-a055-c87c92cf081c,1
"Even if a snake is not poisonous, it should pretend to be venomous.",Chanakya,4,https://res.cloudinary.com/dhupov40f/image/upload/v1675530319/image_1_pbsqjb.png,2
"Dogs and philosophers do the greatest good and get the fewest rewards.
",Diogenes,4,https://res.cloudinary.com/dhupov40f/image/upload/v1675714337/image_1_t9eobo.png,3
"Sometimes, the questions are complicated – and the answers are simple.",Light Yagami,4,https://res.cloudinary.com/dhupov40f/image/upload/v1675533175/image_qwnr9q.png,4
"Your time is limited, so don't waste it living someone else's life. Don't be trapped by dogma – which is living with the results of other people's thinking.",Steve Jobs,4,https://res.cloudinary.com/dhupov40f/image/upload/v1675797995/jobs_qeqfoz.png,5
Sticking feathers up your butt does not make you a chicken!,Tyler Durden,4,https://res.cloudinary.com/dhupov40f/image/upload/v1675532564/image_2_dqggy9.png,6
Experience is not what happens to you; it is what you do with what happens to you.,Aldous Huxley,4,https://firebasestorage.googleapis.com/v0/b/neep-new.appspot.com/o/quotes_images%2Funknown2.jpeg?alt=media&token=ca04e73a-b532-4f11-b71c-11ad34761f4c,7
"When everything seems to be going against you, remember that the airplane takes off against the wind, not with it.",Henry Ford,4,https://firebasestorage.googleapis.com/v0/b/neep-new.appspot.com/o/quotes_images%2Fquotes_aot_levi.png?alt=media&token=e767cec6-90f3-404e-8d7f-c7ce579224a5,8
We don’t have to know what tomorrow holds! That’s why we can live for everything we’re worth today!,Natsu Dragneel (Fairy Tail),4,https://res.cloudinary.com/dhupov40f/image/upload/v1675797370/guts_qdtkjm.png,9
"I’m not gonna run away, I never go back on my word! That’s my nindo: my ninja way.",Naruto Uzumaki,5,https://res.cloudinary.com/dhupov40f/image/upload/v1675539343/image_3_1.01.24_AM_mq8zof.png,1
Don't judge each day by the harvest you reap but by the seeds that you plant.,Robert Louis Stevenson,5,https://res.cloudinary.com/dhupov40f/image/upload/v1675539343/image_1.01.24_AM_c7aprq.png,2
Growth occurs when one goes beyond one’s limits. Realizing that is also part of training.,Itachi Uchiha (Naruto),5,https://firebasestorage.googleapis.com/v0/b/neep-new.appspot.com/o/quotes_images%2Fitachi2.jpg?alt=media&token=74890a33-c0e5-48fc-aa28-c6f2faa0b5d7,3
Do it for the people who want to see you fail.,~ unknown,5,https://firebasestorage.googleapis.com/v0/b/neep-new.appspot.com/o/quotes_images%2Funknown4.png?alt=media&token=d8f176bb-fc77-4064-80ff-bf4df98657c4,4
The fragrance of flowers spreads only in the direction of the wind. But the goodness of a person spreads in all directions.,Chanakya,5,https://res.cloudinary.com/dhupov40f/image/upload/v1675530318/image_2_v6d3pm.png,5
"May I never be complete, May I never be content, May I never be perfect.",Tyler Durden,5,https://res.cloudinary.com/dhupov40f/image/upload/v1675532564/image_3_cdrm2o.png,6
Don’t let yesterday take up too much of today.,Will Rogers,5,https://firebasestorage.googleapis.com/v0/b/neep-new.appspot.com/o/quotes_images%2Fquotes_aot_levi.png?alt=media&token=e767cec6-90f3-404e-8d7f-c7ce579224a5,7
"A person grows up when he’s able to overcome hardships. Protection is important, but there are some things that a person must learn on his own.",Jiraiya (Naruto),5,https://firebasestorage.googleapis.com/v0/b/neep-new.appspot.com/o/quotes_images%2Fitachi2.jpg?alt=media&token=74890a33-c0e5-48fc-aa28-c6f2faa0b5d7,8
Even the strongest of opponents always has a weakness.,Itachi Uchiha (Naruto),5,https://firebasestorage.googleapis.com/v0/b/neep-new.appspot.com/o/quotes_images%2Fitachi2.png?alt=media&token=0e43f521-3af5-471e-9c0e-64c6aa76d74b,9
"Who decides limits? And based on what? You said you worked hard? Well, maybe you need to work a little harder. Is that really the limit of your strength? Could the you of tomorrow beat you today? Instead of giving in, move forward.",Saitama (One Punch Man),6,https://firebasestorage.googleapis.com/v0/b/neep-new.appspot.com/o/quotes_images%2Fimage%20(1).png?alt=media&token=9baf5209-6b95-4dfd-8124-2676632a8bcc,1
"You have power over your mind – not outside events. Realize this, and you will find strength.
",Marcus Aurelius ,6,https://res.cloudinary.com/dhupov40f/image/upload/v1675613789/image_1_d6blty.png,2
We gain the strength of the tempation we resist.,~ unknown,6,https://firebasestorage.googleapis.com/v0/b/neep-new.appspot.com/o/quotes_images%2Funknown3.png?alt=media&token=26429d0e-a64c-4128-9f9b-0d794ca724bf,3
I don't want to die without any scars.,Tyler Durden,6,https://res.cloudinary.com/dhupov40f/image/upload/v1675532564/image_4_d0ioic.png,4
"I find that the harder I work, the more luck I seem to have.",Thomas Jefferson,6,https://res.cloudinary.com/dhupov40f/image/upload/v1675797996/orange_mount_wllznt.jpg,5
Don't be afraid to give up the good to go for the great.,John D. Rockefeller,6,https://res.cloudinary.com/dhupov40f/image/upload/v1675797995/garou_kbu7cl.png,6
Energy and initiative count as much as talent and luck.,Will Peters,6,https://res.cloudinary.com/dhupov40f/image/upload/v1675797371/time_td1iua.png,7
No one can make you feel inferior without your consent.,Eleanor Roosevelt,6,https://res.cloudinary.com/dhupov40f/image/upload/v1675797372/wolf_ytnbc0.png,8
"No matter what people tell you, words and ideas can change the world.",Robin Williams,6,https://res.cloudinary.com/dhupov40f/image/upload/v1675797371/wayne_kvsld7.png,9
"You wanna make an omelet, you gotta break some eggs.",Tyler Durden,7,https://res.cloudinary.com/dhupov40f/image/upload/v1675532564/image_2_dqggy9.png,1
"I alone cannot change the world, but I can cast a stone across the water to create many ripples.",Mother Teresa,7,https://res.cloudinary.com/dhupov40f/image/upload/v1675797371/wayne_kvsld7.png,2
"While we are postponing, life speeds by.
",Seneca,7,https://firebasestorage.googleapis.com/v0/b/neep-new.appspot.com/o/quotes_images%2Fseneca(2).png?alt=media&token=1197b0a8-56de-4041-95b0-85dbe59999a6,3
"We should not feel pride in our charity, austerity, valor, scriptural knowledge, modesty, and morality for the world is full of the rarest gems.",Chanakya,7,https://res.cloudinary.com/dhupov40f/image/upload/v1675530319/image_1_pbsqjb.png,4
Lying monsters are a real nuisance. They are much more cunning than other monsters. They pose as humans even though they have no understanding of the human heart. They eat even though they’ve never experienced hunger. They study even though they have no interest in academics. They seek friendship even though they do not know how to love.,L (Death Note),7,https://firebasestorage.googleapis.com/v0/b/neep-new.appspot.com/o/quotes_images%2Fl1.png?alt=media&token=8f888337-cb98-4bed-83cf-31ab905f1824,5
It is better to fail in originality than to succeed in imitation.,Herman Melville,7,https://res.cloudinary.com/dhupov40f/image/upload/v1675797995/jobs_qeqfoz.png,6
"A lesson without pain is meaningless. That’s because no one can gain without sacrificing something. But by enduring that pain and overcoming it, he shall obtain a powerful, unmatched heart.",Edward Elric (Fullmetal Alchemist: Brotherhood),7,https://firebasestorage.googleapis.com/v0/b/neep-new.appspot.com/o/quotes_images%2Fimage%20(1).png?alt=media&token=95df1e06-d97c-4ab2-8ed0-1d9bbfa36b1a,7
"Fall down, get up, fall down, get up, fall down, get up, fall down, get up, fall down, get up, fall down, get up, fall down, get up, stay up, help others.",~ unknown,7,https://firebasestorage.googleapis.com/v0/b/neep-new.appspot.com/o/quotes_images%2Funknown1.png?alt=media&token=26364f71-d524-4140-8509-3b358e44481a,8
"Lose an hour in the morning, and you will spend all day looking for it.",Richard Whately,7,https://res.cloudinary.com/dhupov40f/image/upload/v1675797371/time_td1iua.png,8
"The lower you fall, the higher you’ll fly.",Tyler Durden,8,https://res.cloudinary.com/dhupov40f/image/upload/v1675532564/image_3_cdrm2o.png,1
"If you are tired of starting over, stop giving up.",~ unknown,8,https://firebasestorage.googleapis.com/v0/b/neep-new.appspot.com/o/quotes_images%2Funknown3.png?alt=media&token=26429d0e-a64c-4128-9f9b-0d794ca724bf,2
"A man is great by deeds, not by birth.",Chanakya,8,https://res.cloudinary.com/dhupov40f/image/upload/v1675530319/image_3_sg5xie.png,3
"Under normal circumstances, humans should have continued to evolve as the greatest creatures upon this earth, but we were actually regressing. A rotten world. Politics, law, education… Was there anybody around who could correct this world? But someone had to do it.",Light Yagami,8,https://res.cloudinary.com/dhupov40f/image/upload/v1675533175/light3_1_bm2k7t.jpg,4
"Once you question your own belief, it’s over.",Naruto Uzumaki,8,https://res.cloudinary.com/dhupov40f/image/upload/v1675539343/naruto3_nwfzrd.jpg,5
Success is not final; failure is not fatal: It is the courage to continue that counts.,Winston S. Churchill,8,https://res.cloudinary.com/dhupov40f/image/upload/v1675613789/laura-vinck-Hyu76loQLdk-unsplash_d96onn.jpg,6
Be yourself; everyone else is already taken.,Oscar Wilde,8,https://res.cloudinary.com/dhupov40f/image/upload/v1675797995/garou_kbu7cl.png,7
"If nobody cares to accept you and wants you in this world, accept yourself and you will see that you don’t need them and their selfish ideas.",Alibaba Saluja (Universal Warriors),8,https://res.cloudinary.com/dhupov40f/image/upload/v1675797371/lone_y7epeo.png,8
The future belongs to those who believe in the beauty of their dreams,Eleanor Roosevelt,8,https://res.cloudinary.com/dhupov40f/image/upload/v1675797995/dwelling_fj0iit.png,9
The only real mistake is the one from which we learn nothing.,Henry Ford,9,https://res.cloudinary.com/dhupov40f/image/upload/v1675797371/ryan_nzwkin.png,1
"There are no secrets to success. It is the result of preparation, hard work, and learning from failure.",Colin Powell,9,https://res.cloudinary.com/dhupov40f/image/upload/v1675797996/orange_mount_wllznt.jpg,2
"The only wealth which you will keep forever is the wealth you have given away.
",Marcus Aurelius ,9,https://res.cloudinary.com/dhupov40f/image/upload/v1675613789/image_1_d6blty.png,3
"If you don’t take risks, you can’t create a future!",Monkey D. Luffy (One Piece),9,https://res.cloudinary.com/dhupov40f/image/upload/v1675797371/wayne_kvsld7.png,4
"Advertising has us chasing cars and clothes, working jobs we hate so we can buy that we don’t need. We’re the middle children of history, man. No purpose or place. We have no great war. No great depression. Our great war’s a spiritual war, our great depression is our lives.",Tyler Durden,9,https://res.cloudinary.com/dhupov40f/image/upload/v1675532564/image_1_fehuyu.png,5
Success is walking from failure to failure with no loss of enthusiasm.,Winston Churchill,9,https://res.cloudinary.com/dhupov40f/image/upload/v1675797995/garou_kbu7cl.png,6
People become stronger because they have memories they can’t forget.,Tsunade (Naruto),9,https://res.cloudinary.com/dhupov40f/image/upload/v1675797370/guts_qdtkjm.png,7
An unexamined life is not worth living.,Socrates,9,https://res.cloudinary.com/dhupov40f/image/upload/v1675797372/wolf_ytnbc0.png,8
"When people are protecting something truly special to them, they truly can become as strong as they can be.",Naruto Uzumaki,9,https://res.cloudinary.com/dhupov40f/image/upload/v1675539343/image_2_1.01.24_AM_aqamp2.png,9
The temptation to quit will be greatest just before you are about to succeed.,~ unknown,10,https://firebasestorage.googleapis.com/v0/b/neep-new.appspot.com/o/quotes_images%2Funknown4.png?alt=media&token=d8f176bb-fc77-4064-80ff-bf4df98657c4,1
You have brains in your head. You have feet in your shoes. You can steer yourself any direction you choose.,Dr. Seuss,10,https://res.cloudinary.com/dhupov40f/image/upload/v1675797371/mountains_ndmjzv.png,2
"In a day when you don’t come across any problems, you can be sure that you are travelling on the wrong path.",Swami Vivekananda,10,https://firebasestorage.googleapis.com/v0/b/neep-new.appspot.com/o/quotes_images%2Fsvv2.png?alt=media&token=cd722019-68d9-47d6-87e0-8338d8a9e165,3
"No matter where you go in life there’s always going to be the one person that wants to bring you down, so stay strong and face your problems instead of running away.",D.C - Superman,10,https://firebasestorage.googleapis.com/v0/b/neep-new.appspot.com/o/quotes_images%2Fsuperman3.png?alt=media&token=520369f8-20c4-4805-880c-4b23d460c818,4
"We should not fret for what is past, nor should we be anxious about the future. Men of discernment deal only with the present moment.",Chanakya,10,https://res.cloudinary.com/dhupov40f/image/upload/v1675530319/image_1_pbsqjb.png,5
Life is what happens when you're busy making other plans.,John Lennon,10,https://res.cloudinary.com/dhupov40f/image/upload/v1675797371/time_td1iua.png,6
"The many lives lost during long years of conflict… because of those selfless sacrifices, we are able to bathe in peace and prosperity now. To ingrain this history within the new generation will be a vital cog in helping to maintain the peace",Naruto Uzumaki,10,https://res.cloudinary.com/dhupov40f/image/upload/v1675539343/image_1_1.01.24_AM_oa2vvw.png,7
Many of life's failures are people who did not realize how close they were to success when they gave up.,Thomas A. Edison,10,https://res.cloudinary.com/dhupov40f/image/upload/v1675797371/lone_y7epeo.png,8
"The most important lesson that man can learn from life, is not that there is pain in this world, but that it is possible for him to transmute it into joy.",Rabindranath Tagore,10,https://res.cloudinary.com/dhupov40f/image/upload/v1675711420/image_1_qyd3lu.png,9
You’re going to be all right. You just stumbled over a stone in the road. It means nothing. Your goal lies far beyond this. Doesn’t it? I’m sure you’ll overcome this. You’ll walk again… soon.,Guts (Berserk),11,https://res.cloudinary.com/dhupov40f/image/upload/v1675797370/guts_qdtkjm.png,1
"One whose knowledge is confined to books and whose wealth is in the possession of others, can use neither his knowledge nor wealth when the need for them arises.",Chanakya,11,https://res.cloudinary.com/dhupov40f/image/upload/v1675530319/image_1_pbsqjb.png,2
It is during our darkest moments that we must focus to see the light.,Aristotle,11,https://res.cloudinary.com/dhupov40f/image/upload/v1675797371/wayne_kvsld7.png,3
"Those who forgive themselves, and are able to accept their true nature… They are the strong ones!",Itachi Uchiha (Naruto),11,https://firebasestorage.googleapis.com/v0/b/neep-new.appspot.com/o/quotes_images%2Fitachi2.png?alt=media&token=0e43f521-3af5-471e-9c0e-64c6aa76d74b,4
Being alone is better than being with the wrong person.,L (Death Note),11,https://firebasestorage.googleapis.com/v0/b/neep-new.appspot.com/o/quotes_images%2Fl.png?alt=media&token=d8d391e4-5592-4712-bee1-ea00df751769,5
"The greatest glory in living lies not in never falling, but in rising every time we fall.",Nelson Mandela,11,https://firebasestorage.googleapis.com/v0/b/neep-new.appspot.com/o/quotes_images%2Fquotes_aot_levi.png?alt=media&token=e767cec6-90f3-404e-8d7f-c7ce579224a5,6
"Dreaming, after all, is a form of planning.",Gloria Steinem,11,https://res.cloudinary.com/dhupov40f/image/upload/v1675797371/ryan_nzwkin.png,7
"Sometimes you will never know the value of a moment, until it becomes a memory.",Dr. Seuss,11,https://res.cloudinary.com/dhupov40f/image/upload/v1675797371/time_td1iua.png,8
Mastering others is strength. Mastering yourself is true power.,Lao Tzu,11,https://res.cloudinary.com/dhupov40f/image/upload/v1675714990/image_1_lifok1.png,9
"If he rips my arms off, I’ll kick him to death. If he rips my legs off, I’ll bite him to death! If he rips my head off, I’ll stare him to death! And if he gouges out my eyes, I’ll curse him from beyond the grave.",Naruto Uzumaki,12,https://res.cloudinary.com/dhupov40f/image/upload/v1675539343/image_3_1.01.24_AM_mq8zof.png,1
Dream big and dare to fail.,Norman Vaughan,12,https://res.cloudinary.com/dhupov40f/image/upload/v1675797995/jobs_qeqfoz.png,2
Don't be distracted by criticism. Remember — the only taste of success some people get is to take a bite out of you.,Zig Ziglar,12,https://res.cloudinary.com/dhupov40f/image/upload/v1675797372/wolf_ytnbc0.png,3
"Dreams save us. Dreams lift us up and transform us. And on my soul I swear until my dream of a world where dignity, honor, and justice becomes the reality we all share, I’ll never stop fighting. Ever!",D.C - Superman,12,https://firebasestorage.googleapis.com/v0/b/neep-new.appspot.com/o/quotes_images%2Fsuperman2.png?alt=media&token=0af1ff83-c634-407c-b967-5ab091633c15,4
Those who dare to fail miserably can achieve greatly.,John F. Kennedy,12,https://res.cloudinary.com/dhupov40f/image/upload/v1675797370/guts_qdtkjm.png,5
In three words I can sum up everything I've learned about life: it goes on.,Robert Frost,12,https://res.cloudinary.com/dhupov40f/image/upload/v1675797371/ryan_nzwkin.png,6
We need much less than we think we need.,Maya Angelou,12,https://res.cloudinary.com/dhupov40f/image/upload/v1675797371/time_td1iua.png,7
Don’t quit. Suffer now and live the rest of your life as a champion.,Muhammad Ali,12,https://res.cloudinary.com/dhupov40f/image/upload/v1675797995/garou_kbu7cl.png,8
Life is 10% what happens to me and 90% of how I react to it.,Charles Swindoll,12,https://res.cloudinary.com/dhupov40f/image/upload/v1675797995/dwelling_fj0iit.png,9
"If you’re going through hell, keep going.",Winston Churchill,13,https://res.cloudinary.com/dhupov40f/image/upload/v1675797995/garou_kbu7cl.png,1
Now I feel that maybe knowing who I actually am is the key to reach perfection. Because that means knowing what I can and cannot do.,Itachi Uchiha (Naruto),13,https://firebasestorage.googleapis.com/v0/b/neep-new.appspot.com/o/quotes_images%2Fitachi2.jpg?alt=media&token=74890a33-c0e5-48fc-aa28-c6f2faa0b5d7,2
"Listen to yourself whining and complaining like some sorry little victim. You can whimper all day long for all I care, you’re nothing but a coward.",Naruto Uzumaki,13,https://res.cloudinary.com/dhupov40f/image/upload/v1675539343/image_2_1.01.24_AM_aqamp2.png,3
"No loss should be more regrettable to us than losing our time, for it’s irretrievable.
",Zeno,13,https://firebasestorage.googleapis.com/v0/b/neep-new.appspot.com/o/quotes_images%2Fzeno.png?alt=media&token=83eb038b-575c-441a-87de-1e0ab1278736,4
The ones who aren’t able to acknowledge their own selves are bound to fail,Itachi Uchiha (Naruto),13,https://firebasestorage.googleapis.com/v0/b/neep-new.appspot.com/o/quotes_images%2Fitachi2.png?alt=media&token=0e43f521-3af5-471e-9c0e-64c6aa76d74b,5
"You’re wrong, that’s not what makes a shinobi. You never did get it, a real ninja is one who endures no matter what gets thrown at him… Let me explain something to you, there is only one thing that matters if you are a shinobi, and it isn’t the number of Jutsu you possess. All you do need is the guts to never give up.",Master Jiraiya (Naruto),13,https://res.cloudinary.com/dhupov40f/image/upload/v1675797371/lone_y7epeo.png,6
"""I can’t develop feelings"". That’s how most idiots screw up.",Light Yagami,13,https://res.cloudinary.com/dhupov40f/image/upload/v1675533175/image_qwnr9q.png,7
"The most difficult thing is the decision to act, the rest is merely tenacity.",Amelia Earhart,13,https://res.cloudinary.com/dhupov40f/image/upload/v1675797371/wayne_kvsld7.png,8
"Wealth is the slave of a wise man and the master of a fool.
",Seneca,13,https://firebasestorage.googleapis.com/v0/b/neep-new.appspot.com/o/quotes_images%2Fseneca.png?alt=media&token=2eefb44e-a3ca-40d2-9a4c-404cefb14887,9
A mistake repeated more than once is a decision.,~ unknown,14,https://firebasestorage.googleapis.com/v0/b/neep-new.appspot.com/o/quotes_images%2Funknown4.png?alt=media&token=d8f176bb-fc77-4064-80ff-bf4df98657c4,1
"The real test is not whether you avoid this failure, because you won't. It's whether you let it harden or shame you into inaction, or whether you learn from it; whether you choose to persevere.",Barack Obama,14,https://res.cloudinary.com/dhupov40f/image/upload/v1675797995/garou_kbu7cl.png,2
"If you're offered a seat on a rocket ship, don't ask what seat! Just get on.","Sheryl Sandberg
",14,https://res.cloudinary.com/dhupov40f/image/upload/v1675797371/wayne_kvsld7.png,3
"Don’t beg for things. Do it yourself, or else you won’t get anything.",Renton Thurston (Eureka Seven),14,https://res.cloudinary.com/dhupov40f/image/upload/v1675797996/orange_mount_wllznt.jpg,4
"Purity of speech, of the mind, of the senses, and of a compassionate heart are needed by one who desires to rise to the divine platform.",Chanakya,14,https://res.cloudinary.com/dhupov40f/image/upload/v1675530319/image_3_sg5xie.png,5
The road to success and the road to failure are almost exactly the same.,Colin R. Davis,14,https://res.cloudinary.com/dhupov40f/image/upload/v1675797371/lone_y7epeo.png,6
"You will face many defeats in life, but never let yourself be defeated. ",Maya Angelou,14,https://res.cloudinary.com/dhupov40f/image/upload/v1675797370/guts_qdtkjm.png,7
To live is the rarest thing in the world. Most people just exist.,Oscar Wilde,14,https://res.cloudinary.com/dhupov40f/image/upload/v1675797371/mountains_ndmjzv.png,8
"Once you start working on something, don’t be afraid of failure and don’t abandon it. People who work sincerely are the happiest.",Chanakya,14,https://res.cloudinary.com/dhupov40f/image/upload/v1675530318/image_2_v6d3pm.png,9
"Without pain, without sacrifice, we would have nothing. Like the first monkey shot into space.",Tyler Durden,15,https://res.cloudinary.com/dhupov40f/image/upload/v1675532564/image_4_d0ioic.png,1
"People’s lives don’t end when they die, it ends when they lose faith.",Itachi Uchiha (Naruto),15,https://firebasestorage.googleapis.com/v0/b/neep-new.appspot.com/o/quotes_images%2Fitachi2.jpg?alt=media&token=74890a33-c0e5-48fc-aa28-c6f2faa0b5d7,2
Death is not extinguishing the light; it is only putting out the lamp because the dawn has come.,Rabindranath Tagore,15,https://res.cloudinary.com/dhupov40f/image/upload/v1675711420/image_dvbpzi.png,3
Drop the idea that attachment and love are one thing. They are enemies. It is attachment that destroys the love.,Chanakya,15,https://res.cloudinary.com/dhupov40f/image/upload/v1675530319/image_es9sjn.png,4
"Sometimes the chains that bind us are not physical, but mental.",~ unknown,15,https://firebasestorage.googleapis.com/v0/b/neep-new.appspot.com/o/quotes_images%2Funknown3.png?alt=media&token=26429d0e-a64c-4128-9f9b-0d794ca724bf,5
"Everything has a beginning and an end. Life is just a cycle of starts and stops. There are ends we don’t desire, but they’re inevitable, we have to face them. It’s what being human is all about.",Jet Black (Cowboy Bebop),15,https://res.cloudinary.com/dhupov40f/image/upload/v1675799006/cowboy_1_tlz1fv.jpg,6
"Winning isn't everything, but wanting to win is.",Vince Lombardi,15,https://firebasestorage.googleapis.com/v0/b/neep-new.appspot.com/o/quotes_images%2Fquotes_aot_levi.png?alt=media&token=e767cec6-90f3-404e-8d7f-c7ce579224a5,7
"While we wait for life, life passes.
",Seneca,15,https://firebasestorage.googleapis.com/v0/b/neep-new.appspot.com/o/quotes_images%2Fseneca(2).png?alt=media&token=1197b0a8-56de-4041-95b0-85dbe59999a6,8
Hard work is worthless for those that don’t believe in themselves.,Naruto Uzumaki,15,https://res.cloudinary.com/dhupov40f/image/upload/v1675539343/image_1_1.01.24_AM_oa2vvw.png,9
"If life were predictable it would cease to be life, and be without flavor.",Eleanor Roosevelt,16,https://res.cloudinary.com/dhupov40f/image/upload/v1675799006/cowboy_1_tlz1fv.jpg,1
"Fear is not evil. It tells you what your weakness is. And once you know your weakness, you can become stronger as well as kinder.",Gildarts Clive (Fairy Tail),16,https://res.cloudinary.com/dhupov40f/image/upload/v1675797372/wolf_ytnbc0.png,2
You must be the change you wish to see in the world.,Mahatma Gandhi,16,https://res.cloudinary.com/dhupov40f/image/upload/v1675797995/jobs_qeqfoz.png,3
It's never as bad as it seems. You're stronger than you think you are. Trust me.,D.C - Superman,16,https://firebasestorage.googleapis.com/v0/b/neep-new.appspot.com/o/quotes_images%2Fsuperman1.png?alt=media&token=486f3ece-5b98-4718-aaa4-f6738783d268,4
"When there is no enemy within, the enemies outside can do you no harm.",~ unknown,16,https://firebasestorage.googleapis.com/v0/b/neep-new.appspot.com/o/quotes_images%2Funknown4.png?alt=media&token=d8f176bb-fc77-4064-80ff-bf4df98657c4,5
The only limit to our realization of tomorrow will be our doubts of today.,Franklin D. Roosevelt,16,https://res.cloudinary.com/dhupov40f/image/upload/v1675797371/lone_y7epeo.png,6
"Life is never fair, and perhaps it is a good thing for most of us that it is not.",Oscar Wilde,16,https://res.cloudinary.com/dhupov40f/image/upload/v1675797371/wayne_kvsld7.png,7
"Before you start some work, always ask yourself three questions – why am I doing this, what the results might be and will I be successful. Only when you think deeply and find satisfactory answers to these questions, go ahead.",Chanakya,16,https://res.cloudinary.com/dhupov40f/image/upload/v1675530319/image_3_sg5xie.png,8
"If you don’t like the hand that fate’s dealt you with, fight for a new one.",Naruto Uzumaki,16,https://res.cloudinary.com/dhupov40f/image/upload/v1675539343/image_3_1.01.24_AM_mq8zof.png,9
Let’s value our lives.,L (Death Note),17,https://firebasestorage.googleapis.com/v0/b/neep-new.appspot.com/o/quotes_images%2Fl.png?alt=media&token=d8d391e4-5592-4712-bee1-ea00df751769,1
It hurt because it mattered.,John Green,17,https://res.cloudinary.com/dhupov40f/image/upload/v1675797370/guts_qdtkjm.png,2
"If opportunity doesn’t knock, build a door.",Milton Berle,17,https://res.cloudinary.com/dhupov40f/image/upload/v1675797371/lone_y7epeo.png,3
I’ll leave tomorrow’s problems to tomorrow’s me.,Saitama (One Punch Man),17,https://firebasestorage.googleapis.com/v0/b/neep-new.appspot.com/o/quotes_images%2Fimage%20(1).png?alt=media&token=9baf5209-6b95-4dfd-8124-2676632a8bcc,4
"Getting dumped always makes a man stronger. But then again, men aren’t meant to pursue happiness.",Master Jiraiya (Naruto),17,https://res.cloudinary.com/dhupov40f/image/upload/v1675797371/ryan_nzwkin.png,5
"If you don’t share someone’s pain, you can never understand them.",Nagato (Naruto),17,https://res.cloudinary.com/dhupov40f/image/upload/v1675797371/ryan_nzwkin.png,6
"Problems are not stop signs, they are guidelines.",Robert H. Schiuller,17,https://res.cloudinary.com/dhupov40f/image/upload/v1675797995/dwelling_fj0iit.png,7
"If things go wrong, don’t go with them.",Roger Babson,17,https://res.cloudinary.com/dhupov40f/image/upload/v1675797371/time_td1iua.png,8
"Conceal a flaw, and the world will imagine the worst.
",Marcus Aurelius ,17,https://res.cloudinary.com/dhupov40f/image/upload/v1675613909/image_3_uqmm5e.png,9
"The ‘Amazing’ can only be created by facing fear, risk, and failure during the process.",D.C - Superman,18,https://firebasestorage.googleapis.com/v0/b/neep-new.appspot.com/o/quotes_images%2Fsuperman1.png?alt=media&token=486f3ece-5b98-4718-aaa4-f6738783d268,1
In the end the winner is still the last man standing.,~ unknown,18,https://firebasestorage.googleapis.com/v0/b/neep-new.appspot.com/o/quotes_images%2Funknown2.jpeg?alt=media&token=ca04e73a-b532-4f11-b71c-11ad34761f4c,2
"The best revenge is not to be like your enemy.
",Marcus Aurelius ,18,https://res.cloudinary.com/dhupov40f/image/upload/v1675613789/image_1_d6blty.png,3
How much can you possibly know about yourself if you’ve never been in a fight?,Tyler Durden,18,https://res.cloudinary.com/dhupov40f/image/upload/v1675532564/image_1_fehuyu.png,4
It's not because things are difficult that we dare not venture,Seneca,18,https://firebasestorage.googleapis.com/v0/b/neep-new.appspot.com/o/quotes_images%2Fseneca%20(1).png?alt=media&token=d3eb8fd9-6035-4d3c-8ff7-0581d9e9fb29,5
Why should I apologize for being a monster? Has anyone ever apologized for turning me into one?,Juuzou Suzuya (Tokyo Ghoul),18,https://res.cloudinary.com/dhupov40f/image/upload/v1675797372/wolf_ytnbc0.png,6
"So many of our dreams seem impossible, they seem improbable, and then, when we summon the will they soon become inevitable.",D.C - Superman,18,https://firebasestorage.googleapis.com/v0/b/neep-new.appspot.com/o/quotes_images%2Fsuperman3.png?alt=media&token=520369f8-20c4-4805-880c-4b23d460c818,7
"Ignorance is the cause of fear.
",Seneca,18,https://firebasestorage.googleapis.com/v0/b/neep-new.appspot.com/o/quotes_images%2Fseneca%20(1).png?alt=media&token=d3eb8fd9-6035-4d3c-8ff7-0581d9e9fb29,8
The only impossible journey is the one you never begin.,Tony Robbins,18,https://res.cloudinary.com/dhupov40f/image/upload/v1675797371/mountains_ndmjzv.png,9
"You will be 1 in a million, literally.",~ unknown,19,https://firebasestorage.googleapis.com/v0/b/neep-new.appspot.com/o/quotes_images%2Funknown1.png?alt=media&token=26364f71-d524-4140-8509-3b358e44481a,1
Life shrinks or expands in proportion to one’s courage.,Anais Nin,19,https://firebasestorage.googleapis.com/v0/b/neep-new.appspot.com/o/quotes_images%2Fquotes_aot_levi.png?alt=media&token=e767cec6-90f3-404e-8d7f-c7ce579224a5,2
"No man is free who is not master of himself.
",Epictetus,19,https://firebasestorage.googleapis.com/v0/b/neep-new.appspot.com/o/quotes_images%2Fimage%20(2).png?alt=media&token=ac3c02f2-2aef-45df-a2d6-9c07ce05afd8,3
"Man conquers the world by conquering himself.
",Zeno,19,https://firebasestorage.googleapis.com/v0/b/neep-new.appspot.com/o/quotes_images%2Fzeno2.png?alt=media&token=2910619f-2c7c-49d5-bd16-0cf119ed65a5,4
"Knowledge and awareness are vague, and perhaps better-called illusions. Everyone lives within their own subjective interpretation.",Itachi Uchiha (Naruto),19,https://firebasestorage.googleapis.com/v0/b/neep-new.appspot.com/o/quotes_images%2Fitachi2.jpg?alt=media&token=74890a33-c0e5-48fc-aa28-c6f2faa0b5d7,5
There is some self-interest behind every friendship. There is no friendship without self-interests. This is a bitter truth.,Chanakya,19,https://res.cloudinary.com/dhupov40f/image/upload/v1675530319/image_es9sjn.png,6
"Reject the basic assumptions of civilization, especially the importance of material possessions.",Tyler Durden,19,https://res.cloudinary.com/dhupov40f/image/upload/v1675532564/image_3_cdrm2o.png,7
"You can commit injustice by doing nothing.
",Marcus Aurelius ,19,https://res.cloudinary.com/dhupov40f/image/upload/v1675613909/image_3_uqmm5e.png,8
"We have two ears and one mouth so that we can listen twice as much as we speak.
",Epictetus,19,https://firebasestorage.googleapis.com/v0/b/neep-new.appspot.com/o/quotes_images%2Fimage%20(1).png?alt=media&token=4d2a0ce8-e52a-4b29-861d-1cd8622a4bcb,9
A smooth sea never made a skilled sailor.,~ unknown,20,https://firebasestorage.googleapis.com/v0/b/neep-new.appspot.com/o/quotes_images%2Funknown2.png?alt=media&token=7aba18b0-36e0-4871-a055-c87c92cf081c,1
"It is more civilized to make fun of life than to bewail it.
",Seneca,20,https://firebasestorage.googleapis.com/v0/b/neep-new.appspot.com/o/quotes_images%2Fseneca%20(3).png?alt=media&token=994b668e-36cc-45b6-be7d-20aaab069b96,2
"People do it every day, they talk to themselves, they see themselves as they’d like to be, they don’t have the courage you have, to just run with it.",Tyler Durden,20,https://res.cloudinary.com/dhupov40f/image/upload/v1675532564/image_3_cdrm2o.png,3
"When you are inspired by some great purpose, some extraordinary project, all your thoughts break their bonds.",Patanjali,20,https://res.cloudinary.com/dhupov40f/image/upload/v1675797371/wayne_kvsld7.png,4
"You have to grow from the inside out. None can teach you, none can make you spiritual. There is no other teacher but your own soul.",Swami Vivekananda,20,https://firebasestorage.googleapis.com/v0/b/neep-new.appspot.com/o/quotes_images%2Fsvv2.png?alt=media&token=cd722019-68d9-47d6-87e0-8338d8a9e165,5
"A ship should not ride on a single anchor, nor life on a single hope.
",Epictetus,20,https://firebasestorage.googleapis.com/v0/b/neep-new.appspot.com/o/quotes_images%2Fimage.png?alt=media&token=d813c6c7-504f-4330-bf41-105cdb0da993,6
"Life is ours to be spent, not to be saved.","D. H. Lawrence
",20,https://res.cloudinary.com/dhupov40f/image/upload/v1675797371/mountains_ndmjzv.png,7
"Humanity must seek what is NOT simple and obvious using the simple and obvious.
",Musonius Rufus,20,https://res.cloudinary.com/dhupov40f/image/upload/v1675797996/orange_mount_wllznt.jpg,8
It is necessary that one be a light to oneself in a world that is becoming utterly dark.,Jiddu Krishnamurti,20,https://firebasestorage.googleapis.com/v0/b/neep-new.appspot.com/o/quotes_images%2Fjk4.png?alt=media&token=29b53073-872f-48d5-83ce-529bef497351,9
"The world’s not perfect, but it’s there for us trying the best it can. That’s what makes it so damn beautiful.",Roy Mustang (Fullmetal Alchemist),21,https://firebasestorage.googleapis.com/v0/b/neep-new.appspot.com/o/quotes_images%2Fquotes_aot_levi.png?alt=media&token=e767cec6-90f3-404e-8d7f-c7ce579224a5,1
The happiness and peace is attained by those who are satisfied by the nectar of spiritual tranquillity and by the greedy persons restlessly moving here and there.,Chanakya,21,https://res.cloudinary.com/dhupov40f/image/upload/v1675530318/image_2_v6d3pm.png,2
"First learn the meaning of what you say, and then speak.
",Epictetus,21,https://firebasestorage.googleapis.com/v0/b/neep-new.appspot.com/o/quotes_images%2Fimage%20(1).png?alt=media&token=4d2a0ce8-e52a-4b29-861d-1cd8622a4bcb,3
People who continue to put their lives on the line to defend their faith become heroes and continue to exist on in legend.,Naruto Uzumaki,21,https://res.cloudinary.com/dhupov40f/image/upload/v1675539343/naruto3_nwfzrd.jpg,4
"How ridiculous and how strange to be surprised at anything which happens in life.
",Marcus Aurelius ,21,https://res.cloudinary.com/dhupov40f/image/upload/v1675613909/image_3_uqmm5e.png,5
Do the difficult things while they are easy and do the great things while they are small. A journey of a thousand miles must begin with a single step.,Lao Tzu,21,https://res.cloudinary.com/dhupov40f/image/upload/v1675714990/image_1_lifok1.png,6
"Hurry up and live.
",Seneca,21,https://firebasestorage.googleapis.com/v0/b/neep-new.appspot.com/o/quotes_images%2Fseneca(2).png?alt=media&token=1197b0a8-56de-4041-95b0-85dbe59999a6,7
"Life is very short and anxious for those who forget the past, neglect the present, and fear the future.
",Seneca,21,https://firebasestorage.googleapis.com/v0/b/neep-new.appspot.com/o/quotes_images%2Fseneca%20(1).png?alt=media&token=d3eb8fd9-6035-4d3c-8ff7-0581d9e9fb29,8
"Poverty is a virtue which one can teach oneself.
",Diogenes,21,https://res.cloudinary.com/dhupov40f/image/upload/v1675714337/image_1_t9eobo.png,9
"Life is neither good or evil, but only a place for good and evil.
",Marcus Aurelius ,22,https://res.cloudinary.com/dhupov40f/image/upload/v1675613789/image_2_doybbv.png,1
Never give up on a dream just because of the time it will take to accomplish it. The time will pass anyway.,~ unknown,22,https://firebasestorage.googleapis.com/v0/b/neep-new.appspot.com/o/quotes_images%2Funknown2.png?alt=media&token=7aba18b0-36e0-4871-a055-c87c92cf081c,2
You can only be afraid of what you think you know.,Jiddu Krishnamurti,22,https://firebasestorage.googleapis.com/v0/b/neep-new.appspot.com/o/quotes_images%2Fjk1.png?alt=media&token=bdeee727-7f89-4f51-91e4-a49142068980,3
Act as if what you do makes a difference. It does.,William James,22,https://firebasestorage.googleapis.com/v0/b/neep-new.appspot.com/o/quotes_images%2Fquotes_aot_levi.png?alt=media&token=e767cec6-90f3-404e-8d7f-c7ce579224a5,4
"For many men, the acquisition of wealth does not end their troubles, it only changes them.
",Seneca,22,https://firebasestorage.googleapis.com/v0/b/neep-new.appspot.com/o/quotes_images%2Fseneca5.png?alt=media&token=dc6db453-9d38-4e60-a98a-1ae282c47737,5
"The best answer to anger is silence.
",Marcus Aurelius ,22,https://res.cloudinary.com/dhupov40f/image/upload/v1675613789/image_1_d6blty.png,6
"A bad feeling is a commotion of the mind repugnant to reason, and against nature.
",Zeno,22,https://firebasestorage.googleapis.com/v0/b/neep-new.appspot.com/o/quotes_images%2Fzeno2.png?alt=media&token=2910619f-2c7c-49d5-bd16-0cf119ed65a5,7
"The beginning is the most important part of the work.
",Plato,22,https://res.cloudinary.com/dhupov40f/image/upload/v1675799006/cowboy_1_tlz1fv.jpg,8
"People often say that beauty is in the eye of the beholder, and I say that the most liberating thing about beauty is realizing you are the beholder.",Salma Hayek,22,https://res.cloudinary.com/dhupov40f/image/upload/v1675797995/dwelling_fj0iit.png,9
"Better a little which is well done, than a great done imperfectly.
",Plato,23,https://res.cloudinary.com/dhupov40f/image/upload/v1675797370/guts_qdtkjm.png,1
"Great deeds are usually wrought at great risks.
",Herodotus,23,https://res.cloudinary.com/dhupov40f/image/upload/v1675797371/wayne_kvsld7.png,2
"If you cry because the sun has gone out of your life, your tears will prevent you from seeing the stars.",Rabindranath Tagore,23,https://res.cloudinary.com/dhupov40f/image/upload/v1675711420/image_2_hwb4lk.png,3
"Nature does not hurry, yet everything is accomplished.
",Lao Tzu,23,https://res.cloudinary.com/dhupov40f/image/upload/v1675714990/image_ch4d4c.png,4
"No great thing is created suddenly.
",Epictetus,23,https://firebasestorage.googleapis.com/v0/b/neep-new.appspot.com/o/quotes_images%2Fimage.png?alt=media&token=d813c6c7-504f-4330-bf41-105cdb0da993,5
"Accept the things to which fate binds you, and love the people with whom fate brings you together, but do so with all your heart.
",Marcus Aurelius ,23,https://res.cloudinary.com/dhupov40f/image/upload/v1675613909/image_3_uqmm5e.png,6
"We suffer more often in imagination than in reality.
",Seneca,23,https://firebasestorage.googleapis.com/v0/b/neep-new.appspot.com/o/quotes_images%2Fseneca.png?alt=media&token=2eefb44e-a3ca-40d2-9a4c-404cefb14887,7
The greatest sacrifice is when you sacrifice your own happiness for the sake of someone else.,Swami Vivekananda,23,https://firebasestorage.googleapis.com/v0/b/neep-new.appspot.com/o/quotes_images%2Fsvv2.png?alt=media&token=cd722019-68d9-47d6-87e0-8338d8a9e165,8
Progress demands sacrifice.,~ unknown,23,https://firebasestorage.googleapis.com/v0/b/neep-new.appspot.com/o/quotes_images%2Funknown2.jpeg?alt=media&token=ca04e73a-b532-4f11-b71c-11ad34761f4c,9
"You see, love is, after all, a sense of total absence of the ‘me’.",Jiddu Krishnamurti,23,https://firebasestorage.googleapis.com/v0/b/neep-new.appspot.com/o/quotes_images%2Fjk3.png?alt=media&token=9e247e76-5dc4-4a5d-93b7-f0dd9e1141a4,10
"Failing doesn’t give you a reason to give up, as long as you believe.",Naruto Uzumaki,24,https://res.cloudinary.com/dhupov40f/image/upload/v1675539343/image_1.01.24_AM_c7aprq.png,1
Let your life lightly dance on the edges of time like dew on the tip of a leaf.,Rabindranath Tagore,24,https://res.cloudinary.com/dhupov40f/image/upload/v1675711420/image_1_qyd3lu.png,2
Never let the fear of striking out keep you from playing the game.,Babe Ruth,24,https://res.cloudinary.com/dhupov40f/image/upload/v1675797995/garou_kbu7cl.png,3
"Know, first, who you are, and then adorn yourself accordingly.
",Epictetus,24,https://firebasestorage.googleapis.com/v0/b/neep-new.appspot.com/o/quotes_images%2Fimage%20(2).png?alt=media&token=ac3c02f2-2aef-45df-a2d6-9c07ce05afd8,4
"Twenty years from now you will be more disappointed by the things that you didn't do than by the ones you did do. So, throw off the bowlines, sail away from safe harbor, catch the trade winds in your sails. Explore, Dream, Discover.",Mark Twain,24,https://firebasestorage.googleapis.com/v0/b/neep-new.appspot.com/o/quotes_images%2Fquotes_aot_levi.png?alt=media&token=e767cec6-90f3-404e-8d7f-c7ce579224a5,5
"It is a rough road that leads to the heights of greatness.
",Seneca,24,https://firebasestorage.googleapis.com/v0/b/neep-new.appspot.com/o/quotes_images%2Fseneca5.png?alt=media&token=dc6db453-9d38-4e60-a98a-1ae282c47737,6
"Haste in every business brings failures.
",Herodotus,24,https://res.cloudinary.com/dhupov40f/image/upload/v1675797371/wayne_kvsld7.png,7
"When you are content to be simply yourself and don't compare or compete, everybody will respect you.
",Lao Tzu,24,https://res.cloudinary.com/dhupov40f/image/upload/v1675714990/image_ch4d4c.png,8
You can’t cross the sea merely by standing and staring at the water.,Rabindranath Tagore,24,https://res.cloudinary.com/dhupov40f/image/upload/v1675711420/image_dvbpzi.png,9
Don’t underestimate me! I don’t quit and I don’t run.,Naruto Uzumaki,25,https://res.cloudinary.com/dhupov40f/image/upload/v1675539343/image_2_1.01.24_AM_aqamp2.png,1
"It is difficulties that show what men are.
",Epictetus,25,https://firebasestorage.googleapis.com/v0/b/neep-new.appspot.com/o/quotes_images%2Fimage%20(2).png?alt=media&token=ac3c02f2-2aef-45df-a2d6-9c07ce05afd8,2
"Consider at what price you sell your integrity, but please, for God’s sake, don’t sell it cheap.
",Marcus Aurelius ,25,https://res.cloudinary.com/dhupov40f/image/upload/v1675613789/image_2_doybbv.png,3
"The one who plants trees, knowing that he will never sit in their shade, has at least started to understand the meaning of life.",Rabindranath Tagore,25,https://res.cloudinary.com/dhupov40f/image/upload/v1675711420/image_1_qyd3lu.png,4
I don’t mind what happens. That is the essence of inner freedom. It is a timeless spiritual truth.,Jiddu Krishnamurti,25,https://firebasestorage.googleapis.com/v0/b/neep-new.appspot.com/o/quotes_images%2Fjk2.png?alt=media&token=a5772ad3-f077-4c67-a69e-f75a01e3ae7f,5
"Cease to hope and you will cease to fear.
",Seneca,25,https://firebasestorage.googleapis.com/v0/b/neep-new.appspot.com/o/quotes_images%2Fseneca%20(1).png?alt=media&token=d3eb8fd9-6035-4d3c-8ff7-0581d9e9fb29,6
"He who is brave is free.
",Seneca,25,https://firebasestorage.googleapis.com/v0/b/neep-new.appspot.com/o/quotes_images%2Fseneca5.png?alt=media&token=dc6db453-9d38-4e60-a98a-1ae282c47737,7
"Only by exhibiting actions in harmony with the sound words which he has received will anyone be helped by philosophy.
",Musonius Rufus,25,https://res.cloudinary.com/dhupov40f/image/upload/v1675797371/mountains_ndmjzv.png,8
"Great acts are made up of small deeds.
",Lao Tzu,25,https://res.cloudinary.com/dhupov40f/image/upload/v1675714990/image_1_lifok1.png,9
"I cannot escape death, but at least I can escape the fear of it.
",Marcus Aurelius ,26,https://res.cloudinary.com/dhupov40f/image/upload/v1675613909/image_3_uqmm5e.png,1
"If you want something good, get it yourself.
",Epictetus,26,https://firebasestorage.googleapis.com/v0/b/neep-new.appspot.com/o/quotes_images%2Fimage%20(2).png?alt=media&token=ac3c02f2-2aef-45df-a2d6-9c07ce05afd8,2
The butterfly counts not months but moments and has time enough.,Rabindranath Tagore,26,https://res.cloudinary.com/dhupov40f/image/upload/v1675711420/image_2_hwb4lk.png,3
The greatest religion is to be true to your own nature. Have faith in yourselves.,Swami Vivekananda,26,https://firebasestorage.googleapis.com/v0/b/neep-new.appspot.com/o/quotes_images%2Fsvv2.png?alt=media&token=cd722019-68d9-47d6-87e0-8338d8a9e165,4
"It does not matter how many books you have, but how good are the books which you have.
",Seneca,26,https://firebasestorage.googleapis.com/v0/b/neep-new.appspot.com/o/quotes_images%2Fseneca%20(1).png?alt=media&token=d3eb8fd9-6035-4d3c-8ff7-0581d9e9fb29,5
Tell me and I forget. Teach me and I remember. Involve me and I learn.,Benjamin Franklin,26,https://firebasestorage.googleapis.com/v0/b/neep-new.appspot.com/o/quotes_images%2Fquotes_aot_levi.png?alt=media&token=e767cec6-90f3-404e-8d7f-c7ce579224a5,6
"Make the best use of what is in your power, and take the rest as it happens.",Epictetus,26,https://firebasestorage.googleapis.com/v0/b/neep-new.appspot.com/o/quotes_images%2Fimage%20(1).png?alt=media&token=4d2a0ce8-e52a-4b29-861d-1cd8622a4bcb,7
"Steel your sensibilities, so that life shall hurt you as little as possible.
",Zeno,26,https://firebasestorage.googleapis.com/v0/b/neep-new.appspot.com/o/quotes_images%2Fzeno2.png?alt=media&token=2910619f-2c7c-49d5-bd16-0cf119ed65a5,8
"Since every man dies, it is better to die with distinction than to live long.
",Musonius Rufus,26,https://res.cloudinary.com/dhupov40f/image/upload/v1675799006/cowboy_1_tlz1fv.jpg,9
"When I let go of what I am, I become what I might be.
",Lao Tzu,27,https://res.cloudinary.com/dhupov40f/image/upload/v1675714990/image_ch4d4c.png,1
The highest education is that which does not merely give us information but makes our life in harmony with all existence.,Rabindranath Tagore,27,https://res.cloudinary.com/dhupov40f/image/upload/v1675711420/image_dvbpzi.png,2
"Better to trip with the feet than with the tongue
",Zeno,27,https://firebasestorage.googleapis.com/v0/b/neep-new.appspot.com/o/quotes_images%2Fzeno.png?alt=media&token=83eb038b-575c-441a-87de-1e0ab1278736,3
"A good decision is based on knowledge and not numbers.
",Plato,27,https://res.cloudinary.com/dhupov40f/image/upload/v1675797371/wayne_kvsld7.png,4
"It is the nature of the wise to resist pleasures, but the foolish to be a slave to them.
",Epictetus,27,https://firebasestorage.googleapis.com/v0/b/neep-new.appspot.com/o/quotes_images%2Fimage%20(2).png?alt=media&token=ac3c02f2-2aef-45df-a2d6-9c07ce05afd8,5
It is very easy to conform to what your society or your parents and teachers tell you. That is a safe and easy way of existing; but that is not living… to live is to find out for yourself the truth.,Jiddu Krishnamurti,27,https://firebasestorage.googleapis.com/v0/b/neep-new.appspot.com/o/quotes_images%2Fjk4.png?alt=media&token=29b53073-872f-48d5-83ce-529bef497351,6
"What really ruins our character is the fact that none of us looks back over his life.
",Seneca,27,https://firebasestorage.googleapis.com/v0/b/neep-new.appspot.com/o/quotes_images%2Fseneca.png?alt=media&token=2eefb44e-a3ca-40d2-9a4c-404cefb14887,7
"Difficulty comes from our lack of confidence.
",Seneca,27,https://firebasestorage.googleapis.com/v0/b/neep-new.appspot.com/o/quotes_images%2Fseneca5.png?alt=media&token=dc6db453-9d38-4e60-a98a-1ae282c47737,8
"Confine yourself to the present.
",Marcus Aurelius ,27,https://res.cloudinary.com/dhupov40f/image/upload/v1675613909/image_3_uqmm5e.png,9
"When you arise in the morning, think of what a precious privilege it is to be alive – to breathe, to think, to enjoy, to love.
",Marcus Aurelius ,28,https://res.cloudinary.com/dhupov40f/image/upload/v1675613789/image_2_doybbv.png,1
"I have become my own vision of an optimist. If I can’t make it through one door, I’ll go through another door – or I’ll make a door. Something terrific will come no matter how dark the present.",Rabindranath Tagore,28,https://res.cloudinary.com/dhupov40f/image/upload/v1675711420/image_2_hwb4lk.png,2
"Men are disturbed not by things, but by the view which they take of them.",Epictetus,28,https://firebasestorage.googleapis.com/v0/b/neep-new.appspot.com/o/quotes_images%2Fimage.png?alt=media&token=d813c6c7-504f-4330-bf41-105cdb0da993,3
"People in their handling of affairs often fail when they are about to succeed. If one remains as careful at the end as he was at the beginning, there will be no failure.
",Lao Tzu,28,https://res.cloudinary.com/dhupov40f/image/upload/v1675714990/image_1_lifok1.png,4
"Only time can heal what reason cannot.
",Seneca,28,https://firebasestorage.googleapis.com/v0/b/neep-new.appspot.com/o/quotes_images%2Fseneca%20(3).png?alt=media&token=994b668e-36cc-45b6-be7d-20aaab069b96,5
"So when you are listening to somebody, completely, attentively, then you are listening not only to the words, but also the feeling of what is being conveyed, to the whole of it, not part of it.",Jiddu Krishnamurti,28,https://firebasestorage.googleapis.com/v0/b/neep-new.appspot.com/o/quotes_images%2Fjk2.png?alt=media&token=a5772ad3-f077-4c67-a69e-f75a01e3ae7f,6
"Waste no more time arguing about what a good man should be. Be one.
",Marcus Aurelius ,28,https://res.cloudinary.com/dhupov40f/image/upload/v1675613909/image_3_uqmm5e.png,7
"Extravagance is its own destroyer.
",Zeno,28,https://firebasestorage.googleapis.com/v0/b/neep-new.appspot.com/o/quotes_images%2Fzeno1.png?alt=media&token=3fdd7388-e9bb-4e79-bd33-d00cc4029978,8
"Experience is the only teacher we have. We may talk and reason all our lives, but we shall never understand a word of truth.",Swami Vivekananda,28,https://firebasestorage.googleapis.com/v0/b/neep-new.appspot.com/o/quotes_images%2Fsvv2.png?alt=media&token=cd722019-68d9-47d6-87e0-8338d8a9e165,9
"Life is long, if you know how to use it.
",Seneca,29,https://firebasestorage.googleapis.com/v0/b/neep-new.appspot.com/o/quotes_images%2Fseneca%20(3).png?alt=media&token=994b668e-36cc-45b6-be7d-20aaab069b96,1
"Knowledge, if it does not determine action, is dead to us.

",Plotinus,29,https://res.cloudinary.com/dhupov40f/image/upload/v1675797995/jobs_qeqfoz.png,2
"The greatest remedy for anger is delay.
",Seneca,29,https://firebasestorage.googleapis.com/v0/b/neep-new.appspot.com/o/quotes_images%2Fseneca.png?alt=media&token=2eefb44e-a3ca-40d2-9a4c-404cefb14887,3
"Religion is regarded by the common people as true, by the wise as false, and by rulers as useful.
",Seneca,29,https://firebasestorage.googleapis.com/v0/b/neep-new.appspot.com/o/quotes_images%2Fseneca%20(1).png?alt=media&token=d3eb8fd9-6035-4d3c-8ff7-0581d9e9fb29,4
"Take risks in your life. If you win, you may lead; if you lose, you may guide.",Swami Vivekananda,29,https://firebasestorage.googleapis.com/v0/b/neep-new.appspot.com/o/quotes_images%2Fsvv2.png?alt=media&token=cd722019-68d9-47d6-87e0-8338d8a9e165,5
"Only when your hearts are empty of the things of the mind, is their love. Then you will know what it is to love without separation, without distance, without time, without fear.",Jiddu Krishnamurti,29,https://firebasestorage.googleapis.com/v0/b/neep-new.appspot.com/o/quotes_images%2Fjk3.png?alt=media&token=9e247e76-5dc4-4a5d-93b7-f0dd9e1141a4,6
"Apply yourself both now and in the next life. Without effort, you cannot be prosperous. Though the land be good, you cannot have an abundant crop without cultivation.
",Plato,29,https://res.cloudinary.com/dhupov40f/image/upload/v1675797371/mountains_ndmjzv.png,7
Freedom from the desire for an answer is essential to the understanding of the problem.,Jiddu Krishnamurti,29,https://firebasestorage.googleapis.com/v0/b/neep-new.appspot.com/o/quotes_images%2Fjk1.png?alt=media&token=bdeee727-7f89-4f51-91e4-a49142068980,8
"When a person spends all his time in foreign travel, he ends by having many acquaintances, but no friends.
",Seneca,29,https://firebasestorage.googleapis.com/v0/b/neep-new.appspot.com/o/quotes_images%2Fseneca.png?alt=media&token=2eefb44e-a3ca-40d2-9a4c-404cefb14887,9